{
  "schema": 1,
  "type": "foliage",
  "groups": [
    {
      "id": "foliage-group-1",
      "foliageTypeId": "tree-foliagetype",
      "target": {
        "kind": "landscape",
        "id": "landscape-1"
      },
      "instances": [
        {
          "position": [
            8.821640622265463,
            0,
            0.29670142032161806
          ],
          "rotation": [
            -180,
            -28.783173356205214,
            -180
          ],
          "scale": [
            1,
            1,
            1
          ],
          "normal": [
            0,
            1,
            0
          ],
          "seed": 2681412621
        },
        {
          "position": [
            9.65462426788451,
            0,
            -0.5966473214089747
          ],
          "rotation": [
            0,
            -4.537001559510824,
            0
          ],
          "scale": [
            1,
            1,
            1
          ],
          "normal": [
            0,
            1,
            0
          ],
          "seed": 3562624691
        },
        {
          "position": [
            11.702176490873832,
            0,
            -0.29398449433364937
          ],
          "rotation": [
            -180,
            -60.92682679183781,
            -180
          ],
          "scale": [
            1,
            1,
            1
          ],
          "normal": [
            0,
            1,
            0
          ],
          "seed": 3881260589
        },
        {
          "position": [
            10.24064296307944,
            0,
            -0.34612574454047773
          ],
          "rotation": [
            -180,
            47.011290974915035,
            -180
          ],
          "scale": [
            1,
            1,
            1
          ],
          "normal": [
            0,
            1,
            0
          ],
          "seed": 1912578278
        }
      ]
    }
  ]
}
